game_number, agent_type, agent_color, agent_decision_time
0, _random, _white_, _0.15562199999999984
0, _random_splay, _black_, _0.1695349999999998
1, _random, _white_, _0.07074199999999994
1, _random_splay, _black_, _0.07277099999999995
2, _random, _white_, _0.17346399999999979
2, _random_splay, _black_, _0.18743799999999977
3, _random, _white_, _0.16159499999999982
3, _random_splay, _black_, _0.17054699999999978
4, _random, _white_, _0.08283099999999992
4, _random_splay, _black_, _0.09568899999999991
5, _random, _white_, _0.1544999999999998
5, _random_splay, _black_, _0.1576809999999998
6, _random, _white_, _0.05791499999999997
6, _random_splay, _black_, _0.06480499999999995
7, _random, _white_, _0.14073599999999983
7, _random_splay, _black_, _0.1694649999999998
8, _random, _white_, _0.06284999999999995
8, _random_splay, _black_, _0.05682999999999996
9, _random, _white_, _0.12658799999999987
9, _random_splay, _black_, _0.11586399999999986
10, _random, _white_, _0.25182599999999966
10, _random_splay, _black_, _0.2691619999999998
11, _random, _white_, _0.1062349999999999
11, _random_splay, _black_, _0.10095199999999989
12, _random, _white_, _0.07796099999999995
12, _random_splay, _black_, _0.09824299999999991
13, _random, _white_, _0.11692899999999988
13, _random_splay, _black_, _0.11689799999999989
14, _random, _white_, _0.09203499999999991
14, _random_splay, _black_, _0.10378599999999989
15, _random, _white_, _0.06101799999999997
15, _random_splay, _black_, _0.07945999999999996
16, _random, _white_, _0.13880599999999985
16, _random_splay, _black_, _0.14266299999999982
17, _random, _white_, _0.02306
17, _random_splay, _black_, _0.029947000000000012
18, _random, _white_, _0.17820699999999978
18, _random_splay, _black_, _0.1849949999999998
19, _random, _white_, _0.15659199999999984
19, _random_splay, _black_, _0.1660229999999998
20, _random, _white_, _0.13602399999999987
20, _random_splay, _black_, _0.14815599999999984
21, _random, _white_, _0.019028
21, _random_splay, _black_, _0.02794900000000001
22, _random, _white_, _0.14372899999999983
22, _random_splay, _black_, _0.15370999999999985
23, _random, _white_, _0.13667599999999985
23, _random_splay, _black_, _0.14066199999999981
24, _random, _white_, _0.046864999999999976
24, _random_splay, _black_, _0.036892999999999995
25, _random, _white_, _0.09283499999999993
25, _random_splay, _black_, _0.09325699999999995
26, _random, _white_, _0.1568869999999998
26, _random_splay, _black_, _0.1807759999999998
27, _random, _white_, _0.13060999999999992
27, _random_splay, _black_, _0.11966499999999988
28, _random, _white_, _0.1574479999999998
28, _random_splay, _black_, _0.1675989999999998
29, _random, _white_, _0.15286799999999984
29, _random_splay, _black_, _0.17509299999999978
30, _random, _white_, _0.050844999999999974
30, _random_splay, _black_, _0.047235999999999986
31, _random, _white_, _0.10476799999999988
31, _random_splay, _black_, _0.10689099999999988
32, _random, _white_, _0.2612939999999997
32, _random_splay, _black_, _0.26059599999999966
33, _random, _white_, _0.10177299999999989
33, _random_splay, _black_, _0.12085099999999985
34, _random, _white_, _0.13559799999999989
34, _random_splay, _black_, _0.13629499999999986
35, _random, _white_, _0.20989999999999967
35, _random_splay, _black_, _0.20937799999999973
36, _random, _white_, _0.04084299999999999
36, _random_splay, _black_, _0.04988499999999998
37, _random, _white_, _0.02092
37, _random_splay, _black_, _0.02695
38, _random, _white_, _0.08778399999999992
38, _random_splay, _black_, _0.08877399999999992
39, _random, _white_, _0.13870299999999983
39, _random_splay, _black_, _0.12557199999999988
40, _random, _white_, _0.0823879999999999
40, _random_splay, _black_, _0.08665299999999991
41, _random, _white_, _0.1598229999999998
41, _random_splay, _black_, _0.17659799999999978
42, _random, _white_, _0.48132100000000105
42, _random_splay, _black_, _0.4824400000000013
43, _random, _white_, _0.12659999999999988
43, _random_splay, _black_, _0.12475199999999989
44, _random, _white_, _0.09030499999999991
44, _random_splay, _black_, _0.08279399999999994
45, _random, _white_, _0.05181899999999997
45, _random_splay, _black_, _0.06035499999999996
46, _random, _white_, _0.017953000000000004
46, _random_splay, _black_, _0.020439
47, _random, _white_, _0.13562099999999988
47, _random_splay, _black_, _0.15847799999999984
48, _random, _white_, _0.039917999999999995
48, _random_splay, _black_, _0.022884000000000005
49, _random, _white_, _0.17298299999999975
49, _random_splay, _black_, _0.16652199999999978
50, _random, _white_, _0.03806
50, _random_splay, _black_, _0.038928000000000004
51, _random, _white_, _0.028993000000000005
51, _random_splay, _black_, _0.025991
52, _random, _white_, _0.15494299999999983
52, _random_splay, _black_, _0.15175299999999983
53, _random, _white_, _0.13387499999999988
53, _random_splay, _black_, _0.13892399999999988
54, _random, _white_, _0.13846299999999984
54, _random_splay, _black_, _0.13615799999999983
55, _random, _white_, _0.05391399999999999
55, _random_splay, _black_, _0.05884099999999997
56, _random, _white_, _0.14157599999999987
56, _random_splay, _black_, _0.15868099999999982
57, _random, _white_, _0.24810899999999964
57, _random_splay, _black_, _0.28553199999999995
58, _random, _white_, _0.06292799999999997
58, _random_splay, _black_, _0.06082699999999998
59, _random, _white_, _0.11599499999999988
59, _random_splay, _black_, _0.14720699999999987
60, _random, _white_, _0.13803899999999986
60, _random_splay, _black_, _0.14260499999999982
61, _random, _white_, _0.14167899999999983
61, _random_splay, _black_, _0.16133199999999984
62, _random, _white_, _0.09730699999999992
62, _random_splay, _black_, _0.11178299999999988
63, _random, _white_, _0.1710079999999998
63, _random_splay, _black_, _0.1601199999999998
64, _random, _white_, _0.06785199999999995
64, _random_splay, _black_, _0.06880999999999995
65, _random, _white_, _0.06588099999999998
65, _random_splay, _black_, _0.08469699999999997
66, _random, _white_, _0.09471499999999997
66, _random_splay, _black_, _0.0997219999999999
67, _random, _white_, _0.18933699999999978
67, _random_splay, _black_, _0.18160999999999977
68, _random, _white_, _0.09576399999999992
68, _random_splay, _black_, _0.09777799999999992
69, _random, _white_, _0.10671399999999989
69, _random_splay, _black_, _0.10968299999999988
70, _random, _white_, _0.09270799999999994
70, _random_splay, _black_, _0.0948199999999999
71, _random, _white_, _0.1484269999999998
71, _random_splay, _black_, _0.14876499999999981
72, _random, _white_, _0.06584799999999995
72, _random_splay, _black_, _0.07476799999999993
73, _random, _white_, _0.09973799999999991
73, _random_splay, _black_, _0.10786199999999989
74, _random, _white_, _0.10579899999999988
74, _random_splay, _black_, _0.1101109999999999
75, _random, _white_, _0.09488499999999991
75, _random_splay, _black_, _0.09804499999999994
76, _random, _white_, _0.14050099999999985
76, _random_splay, _black_, _0.1724119999999998
77, _random, _white_, _0.10114399999999996
77, _random_splay, _black_, _0.09620999999999992
78, _random, _white_, _0.13577599999999984
78, _random_splay, _black_, _0.1271159999999999
79, _random, _white_, _0.1035539999999999
79, _random_splay, _black_, _0.09630499999999989
80, _random, _white_, _0.12458199999999987
80, _random_splay, _black_, _0.1297199999999999
81, _random, _white_, _0.2044869999999997
81, _random_splay, _black_, _0.19530599999999979
82, _random, _white_, _0.07279599999999993
82, _random_splay, _black_, _0.08092899999999993
83, _random, _white_, _0.1527319999999998
83, _random_splay, _black_, _0.16339999999999977
84, _random, _white_, _0.13960299999999987
84, _random_splay, _black_, _0.12962199999999988
85, _random, _white_, _0.02792800000000001
85, _random_splay, _black_, _0.032937999999999995
86, _random, _white_, _0.06589399999999998
86, _random_splay, _black_, _0.07273899999999996
87, _random, _white_, _0.14169899999999985
87, _random_splay, _black_, _0.13949799999999984
88, _random, _white_, _0.09575799999999993
88, _random_splay, _black_, _0.10863099999999991
89, _random, _white_, _0.07378199999999993
89, _random_splay, _black_, _0.06482799999999997
90, _random, _white_, _0.3511580000000003
90, _random_splay, _black_, _0.3899550000000005
91, _random, _white_, _0.12138199999999985
91, _random_splay, _black_, _0.1480279999999998
92, _random, _white_, _0.039897
92, _random_splay, _black_, _0.03688400000000001
93, _random, _white_, _0.22333099999999972
93, _random_splay, _black_, _0.22261799999999968
94, _random, _white_, _0.058925999999999985
94, _random_splay, _black_, _0.06169499999999996
95, _random, _white_, _0.005985000000000001
95, _random_splay, _black_, _0.008975
96, _random, _white_, _0.11069899999999987
96, _random_splay, _black_, _0.10922099999999989
97, _random, _white_, _0.08830099999999991
97, _random_splay, _black_, _0.10117999999999991
98, _random, _white_, _0.14675799999999983
98, _random_splay, _black_, _0.1629919999999998
99, _random, _white_, _0.007973000000000001
99, _random_splay, _black_, _0.012943999999999999
100, _random, _white_, _0.08279599999999995
100, _random_splay, _black_, _0.07991099999999995
101, _random, _white_, _0.16461599999999982
101, _random_splay, _black_, _0.1744239999999998
102, _random, _white_, _0.22836399999999968
102, _random_splay, _black_, _0.23344899999999963
103, _random, _white_, _0.05083
103, _random_splay, _black_, _0.04995300000000001
104, _random, _white_, _0.08265599999999994
104, _random_splay, _black_, _0.09381099999999991
105, _random, _white_, _0.05889499999999997
105, _random_splay, _black_, _0.06776499999999996
106, _random, _white_, _0.13446999999999987
106, _random_splay, _black_, _0.15675899999999982
107, _random, _white_, _0.1107069999999999
107, _random_splay, _black_, _0.10574199999999993
108, _random, _white_, _0.1262479999999999
108, _random_splay, _black_, _0.11776399999999987
109, _random, _white_, _0.013933999999999998
109, _random_splay, _black_, _0.015963
110, _random, _white_, _0.05379599999999997
110, _random_splay, _black_, _0.05383899999999998
111, _random, _white_, _0.13958199999999985
111, _random_splay, _black_, _0.13310499999999986
112, _random, _white_, _0.1976159999999998
112, _random_splay, _black_, _0.20134899999999972
113, _random, _white_, _0.08970899999999993
113, _random_splay, _black_, _0.09280299999999993
114, _random, _white_, _0.002965
114, _random_splay, _black_, _0.00601
115, _random, _white_, _0.20543399999999973
115, _random_splay, _black_, _0.19263999999999978
116, _random, _white_, _0.18441999999999978
116, _random_splay, _black_, _0.19659599999999977
117, _random, _white_, _0.09073499999999991
117, _random_splay, _black_, _0.11569999999999987
118, _random, _white_, _0.17449699999999985
118, _random_splay, _black_, _0.1585009999999998
119, _random, _white_, _0.16663499999999978
119, _random_splay, _black_, _0.17653499999999978
120, _random, _white_, _0.05483299999999997
120, _random_splay, _black_, _0.07978099999999994
121, _random, _white_, _0.060919999999999974
121, _random_splay, _black_, _0.06480499999999997
122, _random, _white_, _0.12071899999999987
122, _random_splay, _black_, _0.1418159999999998
123, _random, _white_, _0.19656299999999977
123, _random_splay, _black_, _0.1975899999999998
124, _random, _white_, _0.07988099999999994
124, _random_splay, _black_, _0.08527299999999992
125, _random, _white_, _0.14367799999999986
125, _random_splay, _black_, _0.14287099999999983
126, _random, _white_, _0.19226699999999977
126, _random_splay, _black_, _0.1919839999999998
127, _random, _white_, _0.08974299999999992
127, _random_splay, _black_, _0.09978899999999992
128, _random, _white_, _0.05390899999999998
128, _random_splay, _black_, _0.055829999999999984
129, _random, _white_, _0.12164299999999988
129, _random_splay, _black_, _0.13266999999999984
130, _random, _white_, _0.15193499999999985
130, _random_splay, _black_, _0.16291899999999981
131, _random, _white_, _0.0994679999999999
131, _random_splay, _black_, _0.11175999999999987
132, _random, _white_, _0.15871599999999983
132, _random_splay, _black_, _0.16576699999999978
133, _random, _white_, _0.032956
133, _random_splay, _black_, _0.045833999999999986
134, _random, _white_, _0.06185599999999996
134, _random_splay, _black_, _0.07480099999999995
135, _random, _white_, _0.09879499999999991
135, _random_splay, _black_, _0.10852299999999988
136, _random, _white_, _0.08786099999999994
136, _random_splay, _black_, _0.06878999999999996
137, _random, _white_, _0.010992
137, _random_splay, _black_, _0.011919
138, _random, _white_, _0.05881399999999999
138, _random_splay, _black_, _0.06978499999999996
139, _random, _white_, _0.16958499999999976
139, _random_splay, _black_, _0.1714399999999998
140, _random, _white_, _0.18545399999999973
140, _random_splay, _black_, _0.21941899999999975
141, _random, _white_, _0.1636109999999998
141, _random_splay, _black_, _0.1866589999999998
142, _random, _white_, _0.04542999999999998
142, _random_splay, _black_, _0.05281399999999997
143, _random, _white_, _0.14465599999999984
143, _random_splay, _black_, _0.13984399999999989
144, _random, _white_, _0.10966799999999989
144, _random_splay, _black_, _0.13649099999999983
145, _random, _white_, _0.28303799999999985
145, _random_splay, _black_, _0.2861019999999998
146, _random, _white_, _0.15656899999999982
146, _random_splay, _black_, _0.1772999999999998
147, _random, _white_, _0.15084899999999982
147, _random_splay, _black_, _0.14403199999999985
148, _random, _white_, _0.014957999999999999
148, _random_splay, _black_, _0.013964999999999998
149, _random, _white_, _0.09985899999999989
149, _random_splay, _black_, _0.12293399999999985
150, _random, _white_, _0.13389599999999988
150, _random_splay, _black_, _0.14140499999999986
151, _random, _white_, _0.006979999999999999
151, _random_splay, _black_, _0.010949999999999998
152, _random, _white_, _0.049891
152, _random_splay, _black_, _0.04214699999999999
153, _random, _white_, _0.04500799999999999
153, _random_splay, _black_, _0.033936
154, _random, _white_, _0.07986899999999993
154, _random_splay, _black_, _0.08608199999999995
155, _random, _white_, _0.07199099999999999
155, _random_splay, _black_, _0.07904199999999996
156, _random, _white_, _0.09211599999999995
156, _random_splay, _black_, _0.08300199999999996
157, _random, _white_, _0.03293000000000001
157, _random_splay, _black_, _0.029091999999999996
158, _random, _white_, _0.09285699999999995
158, _random_splay, _black_, _0.10704099999999991
159, _random, _white_, _0.06485499999999995
159, _random_splay, _black_, _0.06380099999999995
160, _random, _white_, _0.18149199999999976
160, _random_splay, _black_, _0.18855099999999975
161, _random, _white_, _0.18174299999999988
161, _random_splay, _black_, _0.20141499999999982
162, _random, _white_, _0.08280799999999991
162, _random_splay, _black_, _0.0872709999999999
163, _random, _white_, _0.3813870000000006
163, _random_splay, _black_, _0.39313900000000046
164, _random, _white_, _0.09870299999999992
164, _random_splay, _black_, _0.10699999999999993
165, _random, _white_, _0.1222849999999999
165, _random_splay, _black_, _0.12173299999999986
166, _random, _white_, _0.07083499999999994
166, _random_splay, _black_, _0.07178899999999994
167, _random, _white_, _0.13963199999999984
167, _random_splay, _black_, _0.14762099999999984
168, _random, _white_, _0.011940999999999998
168, _random_splay, _black_, _0.011916999999999999
169, _random, _white_, _0.20471499999999976
169, _random_splay, _black_, _0.22519499999999973
170, _random, _white_, _0.09467899999999993
170, _random_splay, _black_, _0.09988699999999992
171, _random, _white_, _0.06676499999999999
171, _random_splay, _black_, _0.08782599999999996
172, _random, _white_, _0.014044000000000001
172, _random_splay, _black_, _0.019864000000000007
173, _random, _white_, _0.16151099999999985
173, _random_splay, _black_, _0.1526479999999998
174, _random, _white_, _0.14964299999999986
174, _random_splay, _black_, _0.15647899999999987
175, _random, _white_, _0.06779399999999995
175, _random_splay, _black_, _0.06482199999999995
176, _random, _white_, _0.10172299999999988
176, _random_splay, _black_, _0.0997389999999999
177, _random, _white_, _0.10470299999999988
177, _random_splay, _black_, _0.12171399999999985
178, _random, _white_, _0.05086699999999999
178, _random_splay, _black_, _0.07271899999999995
179, _random, _white_, _0.12971599999999986
179, _random_splay, _black_, _0.1166139999999999
180, _random, _white_, _0.13160799999999992
180, _random_splay, _black_, _0.16154599999999986
181, _random, _white_, _0.11765399999999986
181, _random_splay, _black_, _0.12165499999999986
182, _random, _white_, _0.06181299999999998
182, _random_splay, _black_, _0.07671499999999992
183, _random, _white_, _0.025958000000000005
183, _random_splay, _black_, _0.035932000000000006
184, _random, _white_, _0.08268199999999995
184, _random_splay, _black_, _0.08483799999999996
185, _random, _white_, _0.0996559999999999
185, _random_splay, _black_, _0.08577499999999996
186, _random, _white_, _0.10972399999999993
186, _random_splay, _black_, _0.13057899999999986
187, _random, _white_, _0.15768199999999985
187, _random_splay, _black_, _0.1788519999999998
188, _random, _white_, _0.13394599999999984
188, _random_splay, _black_, _0.13190199999999985
189, _random, _white_, _0.13813699999999984
189, _random_splay, _black_, _0.13790599999999983
190, _random, _white_, _0.06825499999999998
190, _random_splay, _black_, _0.07393599999999997
191, _random, _white_, _0.055176999999999976
191, _random_splay, _black_, _0.06790899999999996
192, _random, _white_, _0.16562499999999983
192, _random_splay, _black_, _0.1601339999999998
193, _random, _white_, _0.14701199999999984
193, _random_splay, _black_, _0.14756399999999983
194, _random, _white_, _0.13503399999999985
194, _random_splay, _black_, _0.12769599999999984
195, _random, _white_, _0.016955
195, _random_splay, _black_, _0.013961999999999999
196, _random, _white_, _0.22548099999999968
196, _random_splay, _black_, _0.24145399999999975
197, _random, _white_, _0.18446399999999977
197, _random_splay, _black_, _0.20153899999999972
198, _random, _white_, _0.13864499999999988
198, _random_splay, _black_, _0.13665599999999986
199, _random, _white_, _0.03791799999999999
199, _random_splay, _black_, _0.024912000000000004
200, _random, _white_, _0.1726299999999998
200, _random_splay, _black_, _0.18770399999999973
201, _random, _white_, _0.022098000000000003
201, _random_splay, _black_, _0.03989499999999999
202, _random, _white_, _0.07970599999999993
202, _random_splay, _black_, _0.08597899999999993
203, _random, _white_, _0.05293399999999999
203, _random_splay, _black_, _0.07018599999999997
204, _random, _white_, _0.033875999999999996
204, _random_splay, _black_, _0.033115
205, _random, _white_, _0.06476499999999996
205, _random_splay, _black_, _0.08130399999999992
206, _random, _white_, _0.15902799999999984
206, _random_splay, _black_, _0.17926099999999984
207, _random, _white_, _0.08477199999999993
207, _random_splay, _black_, _0.0920609999999999
208, _random, _white_, _0.11348199999999987
208, _random_splay, _black_, _0.10856299999999991
209, _random, _white_, _0.11663299999999989
209, _random_splay, _black_, _0.14715999999999985
210, _random, _white_, _0.029000000000000005
210, _random_splay, _black_, _0.027156000000000003
211, _random, _white_, _0.10866399999999987
211, _random_splay, _black_, _0.11336399999999987
212, _random, _white_, _0.07728999999999993
212, _random_splay, _black_, _0.07967299999999994
213, _random, _white_, _0.007978
213, _random_splay, _black_, _0.027927000000000007
214, _random, _white_, _0.0899299999999999
214, _random_splay, _black_, _0.07985599999999993
215, _random, _white_, _0.2188739999999997
215, _random_splay, _black_, _0.22530399999999978
216, _random, _white_, _0.07296599999999995
216, _random_splay, _black_, _0.08501599999999995
217, _random, _white_, _0.06689499999999997
217, _random_splay, _black_, _0.09018899999999994
218, _random, _white_, _0.07080799999999994
218, _random_splay, _black_, _0.06781799999999995
219, _random, _white_, _0.14118699999999978
219, _random_splay, _black_, _0.14553499999999983
220, _random, _white_, _0.38941200000000065
220, _random_splay, _black_, _0.3814650000000005
221, _random, _white_, _0.15144399999999986
221, _random_splay, _black_, _0.17298899999999978
222, _random, _white_, _0.07174999999999995
222, _random_splay, _black_, _0.08485299999999994
223, _random, _white_, _0.037876999999999994
223, _random_splay, _black_, _0.05783599999999999
224, _random, _white_, _0.11675999999999989
224, _random_splay, _black_, _0.13353099999999982
225, _random, _white_, _0.10047399999999991
225, _random_splay, _black_, _0.12124899999999991
226, _random, _white_, _0.030056000000000003
226, _random_splay, _black_, _0.023979999999999998
227, _random, _white_, _0.17606899999999978
227, _random_splay, _black_, _0.18350699999999978
228, _random, _white_, _0.06772099999999999
228, _random_splay, _black_, _0.09287699999999995
229, _random, _white_, _0.04187799999999999
229, _random_splay, _black_, _0.030680000000000002
230, _random, _white_, _0.10395499999999992
230, _random_splay, _black_, _0.09359299999999991
231, _random, _white_, _0.12817299999999984
231, _random_splay, _black_, _0.13325099999999987
232, _random, _white_, _0.016957
232, _random_splay, _black_, _0.031912
233, _random, _white_, _0.09162899999999992
233, _random_splay, _black_, _0.09945799999999992
234, _random, _white_, _0.08102199999999997
234, _random_splay, _black_, _0.09570399999999994
235, _random, _white_, _0.1215759999999999
235, _random_splay, _black_, _0.1117689999999999
236, _random, _white_, _0.1518619999999998
236, _random_splay, _black_, _0.1661139999999998
237, _random, _white_, _0.041885
237, _random_splay, _black_, _0.029145
238, _random, _white_, _0.12572599999999987
238, _random_splay, _black_, _0.13099599999999986
239, _random, _white_, _0.11585499999999989
239, _random_splay, _black_, _0.11471399999999987
240, _random, _white_, _0.0928999999999999
240, _random_splay, _black_, _0.08617799999999994
241, _random, _white_, _0.14069099999999987
241, _random_splay, _black_, _0.17450499999999983
242, _random, _white_, _0.13602499999999987
242, _random_splay, _black_, _0.1559239999999998
243, _random, _white_, _0.14445999999999987
243, _random_splay, _black_, _0.16664099999999976
244, _random, _white_, _0.1924879999999998
244, _random_splay, _black_, _0.20146599999999973
245, _random, _white_, _0.12647899999999984
245, _random_splay, _black_, _0.12978599999999982
246, _random, _white_, _0.044879999999999996
246, _random_splay, _black_, _0.03992
247, _random, _white_, _0.14162499999999986
247, _random_splay, _black_, _0.13673399999999983
248, _random, _white_, _0.17889699999999986
248, _random_splay, _black_, _0.16975299999999985
249, _random, _white_, _0.08187599999999992
249, _random_splay, _black_, _0.09140399999999994
250, _random, _white_, _0.07313899999999997
250, _random_splay, _black_, _0.08903299999999996
251, _random, _white_, _0.2411449999999997
251, _random_splay, _black_, _0.2320389999999997
252, _random, _white_, _0.021942
252, _random_splay, _black_, _0.04487799999999998
253, _random, _white_, _0.13402799999999987
253, _random_splay, _black_, _0.14129199999999992
254, _random, _white_, _0.14111399999999982
254, _random_splay, _black_, _0.1566399999999998
255, _random, _white_, _0.13768199999999986
255, _random_splay, _black_, _0.13500499999999988
256, _random, _white_, _0.20419699999999977
256, _random_splay, _black_, _0.22989899999999966
257, _random, _white_, _0.14401899999999987
257, _random_splay, _black_, _0.14679499999999981
258, _random, _white_, _0.1719109999999998
258, _random_splay, _black_, _0.17013299999999978
259, _random, _white_, _0.0918239999999999
259, _random_splay, _black_, _0.08417599999999995
260, _random, _white_, _0.14380899999999985
260, _random_splay, _black_, _0.16412799999999986
261, _random, _white_, _0.010970999999999998
261, _random_splay, _black_, _0.008976
262, _random, _white_, _0.13408499999999987
262, _random_splay, _black_, _0.15649499999999983
263, _random, _white_, _0.23599199999999967
263, _random_splay, _black_, _0.24115599999999965
264, _random, _white_, _0.11269799999999987
264, _random_splay, _black_, _0.12663299999999986
265, _random, _white_, _0.08081299999999995
265, _random_splay, _black_, _0.09670299999999994
266, _random, _white_, _0.07782499999999994
266, _random_splay, _black_, _0.0987929999999999
267, _random, _white_, _0.08482399999999993
267, _random_splay, _black_, _0.09668599999999991
268, _random, _white_, _0.006979999999999998
268, _random_splay, _black_, _0.006980999999999999
269, _random, _white_, _0.12466599999999985
269, _random_splay, _black_, _0.15359499999999982
270, _random, _white_, _0.11863899999999987
270, _random_splay, _black_, _0.14018399999999986
271, _random, _white_, _0.009972
271, _random_splay, _black_, _0.014959999999999998
272, _random, _white_, _0.06379399999999996
272, _random_splay, _black_, _0.06488899999999996
273, _random, _white_, _0.06183499999999996
273, _random_splay, _black_, _0.08477399999999992
274, _random, _white_, _0.10186199999999991
274, _random_splay, _black_, _0.12407399999999988
275, _random, _white_, _0.17851799999999976
275, _random_splay, _black_, _0.16356099999999982
276, _random, _white_, _0.14776099999999984
276, _random_splay, _black_, _0.14615999999999982
277, _random, _white_, _0.18670599999999973
277, _random_splay, _black_, _0.18946799999999978
278, _random, _white_, _0.012964
278, _random_splay, _black_, _0.015959
279, _random, _white_, _0.11164299999999987
279, _random_splay, _black_, _0.1063189999999999
280, _random, _white_, _0.10694899999999989
280, _random_splay, _black_, _0.12164999999999986
281, _random, _white_, _0.1539409999999998
281, _random_splay, _black_, _0.14996299999999985
282, _random, _white_, _0.16051299999999982
282, _random_splay, _black_, _0.16609899999999977
283, _random, _white_, _0.1770889999999998
283, _random_splay, _black_, _0.19543799999999972
284, _random, _white_, _0.13006899999999988
284, _random_splay, _black_, _0.1479709999999998
285, _random, _white_, _0.013987000000000001
285, _random_splay, _black_, _0.020228000000000003
286, _random, _white_, _0.1618249999999998
286, _random_splay, _black_, _0.1768179999999998
287, _random, _white_, _0.004044000000000001
287, _random_splay, _black_, _0.005986
288, _random, _white_, _0.14409599999999984
288, _random_splay, _black_, _0.15568099999999982
289, _random, _white_, _0.11706599999999986
289, _random_splay, _black_, _0.12997999999999987
290, _random, _white_, _0.13273999999999986
290, _random_splay, _black_, _0.13868399999999984
291, _random, _white_, _0.17251399999999978
291, _random_splay, _black_, _0.19846899999999973
292, _random, _white_, _0.14548399999999984
292, _random_splay, _black_, _0.14968699999999985
293, _random, _white_, _0.021942000000000003
293, _random_splay, _black_, _0.024937999999999995
294, _random, _white_, _0.09282699999999991
294, _random_splay, _black_, _0.0976939999999999
295, _random, _white_, _0.024963
295, _random_splay, _black_, _0.023902000000000003
296, _random, _white_, _0.11076199999999987
296, _random_splay, _black_, _0.13261899999999988
297, _random, _white_, _0.1066989999999999
297, _random_splay, _black_, _0.09665799999999994
298, _random, _white_, _0.042910000000000004
298, _random_splay, _black_, _0.05385799999999998
299, _random, _white_, _0.14968899999999985
299, _random_splay, _black_, _0.1597349999999998
300, _random, _white_, _0.055054999999999986
300, _random_splay, _black_, _0.053771999999999986
301, _random, _white_, _0.15217999999999984
301, _random_splay, _black_, _0.1670379999999998
302, _random, _white_, _0.2305869999999997
302, _random_splay, _black_, _0.23540399999999964
303, _random, _white_, _0.08582899999999992
303, _random_splay, _black_, _0.10471999999999988
304, _random, _white_, _0.1542479999999998
304, _random_splay, _black_, _0.18033999999999975
305, _random, _white_, _0.015955
305, _random_splay, _black_, _0.037081
306, _random, _white_, _0.12706799999999988
306, _random_splay, _black_, _0.13487499999999988
307, _random, _white_, _0.10371599999999988
307, _random_splay, _black_, _0.09908999999999989
308, _random, _white_, _0.05181199999999997
308, _random_splay, _black_, _0.056329999999999956
309, _random, _white_, _0.16421999999999978
309, _random_splay, _black_, _0.18187299999999984
310, _random, _white_, _0.06482899999999996
310, _random_splay, _black_, _0.06183299999999996
311, _random, _white_, _0.11035599999999987
311, _random_splay, _black_, _0.09628299999999994
312, _random, _white_, _0.10248899999999989
312, _random_splay, _black_, _0.11573099999999988
313, _random, _white_, _0.10919799999999988
313, _random_splay, _black_, _0.10660899999999986
314, _random, _white_, _0.061731
314, _random_splay, _black_, _0.06692499999999997
315, _random, _white_, _0.031007999999999997
315, _random_splay, _black_, _0.026984000000000008
316, _random, _white_, _0.03103700000000001
316, _random_splay, _black_, _0.04488899999999999
317, _random, _white_, _0.11086399999999987
317, _random_splay, _black_, _0.12351899999999985
318, _random, _white_, _0.11758699999999986
318, _random_splay, _black_, _0.11676699999999987
319, _random, _white_, _0.18759199999999976
319, _random_splay, _black_, _0.20137699999999972
320, _random, _white_, _0.16589499999999982
320, _random_splay, _black_, _0.1635469999999998
321, _random, _white_, _0.17220399999999975
321, _random_splay, _black_, _0.15056199999999986
322, _random, _white_, _0.09352299999999991
322, _random_splay, _black_, _0.10431399999999989
323, _random, _white_, _0.025524000000000005
323, _random_splay, _black_, _0.019462999999999998
324, _random, _white_, _0.15029599999999987
324, _random_splay, _black_, _0.1419629999999999
325, _random, _white_, _0.13271599999999983
325, _random_splay, _black_, _0.14122999999999988
326, _random, _white_, _0.042883
326, _random_splay, _black_, _0.07331499999999994
327, _random, _white_, _0.06287399999999997
327, _random_splay, _black_, _0.07275999999999995
328, _random, _white_, _0.04091599999999999
328, _random_splay, _black_, _0.03786699999999999
329, _random, _white_, _0.08577399999999992
329, _random_splay, _black_, _0.08776299999999991
330, _random, _white_, _0.22534099999999965
330, _random_splay, _black_, _0.2563459999999997
331, _random, _white_, _0.11580099999999992
331, _random_splay, _black_, _0.12615099999999985
332, _random, _white_, _0.09871299999999993
332, _random_splay, _black_, _0.1113869999999999
333, _random, _white_, _0.1444749999999999
333, _random_splay, _black_, _0.16037399999999988
334, _random, _white_, _0.2583269999999997
334, _random_splay, _black_, _0.2825449999999998
335, _random, _white_, _0.057830999999999966
335, _random_splay, _black_, _0.058162999999999965
336, _random, _white_, _0.16493199999999983
336, _random_splay, _black_, _0.1567699999999998
337, _random, _white_, _0.03991799999999999
337, _random_splay, _black_, _0.04687599999999999
338, _random, _white_, _0.13770599999999988
338, _random_splay, _black_, _0.16547799999999982
339, _random, _white_, _0.19951799999999972
339, _random_splay, _black_, _0.21532399999999974
340, _random, _white_, _0.19247899999999973
340, _random_splay, _black_, _0.22248999999999972
341, _random, _white_, _0.14250899999999986
341, _random_splay, _black_, _0.14992599999999986
342, _random, _white_, _0.14767099999999983
342, _random_splay, _black_, _0.15541799999999983
343, _random, _white_, _0.061837999999999976
343, _random_splay, _black_, _0.06186799999999997
344, _random, _white_, _0.1555659999999998
344, _random_splay, _black_, _0.1685289999999998
345, _random, _white_, _0.020915000000000007
345, _random_splay, _black_, _0.036900999999999996
346, _random, _white_, _0.16039799999999982
346, _random_splay, _black_, _0.16077599999999978
347, _random, _white_, _0.17553699999999975
347, _random_splay, _black_, _0.19852099999999973
348, _random, _white_, _0.015953
348, _random_splay, _black_, _0.01693
349, _random, _white_, _0.10571899999999992
349, _random_splay, _black_, _0.11874099999999989
350, _random, _white_, _0.12082899999999988
350, _random_splay, _black_, _0.13372499999999984
351, _random, _white_, _0.10484599999999991
351, _random_splay, _black_, _0.12373899999999989
352, _random, _white_, _0.0997539999999999
352, _random_splay, _black_, _0.1062659999999999
353, _random, _white_, _0.14950199999999983
353, _random_splay, _black_, _0.1476519999999998
354, _random, _white_, _0.19632899999999975
354, _random_splay, _black_, _0.2114859999999997
355, _random, _white_, _0.1716559999999998
355, _random_splay, _black_, _0.1654729999999998
356, _random, _white_, _0.04481299999999999
356, _random_splay, _black_, _0.049442999999999994
357, _random, _white_, _0.08974499999999991
357, _random_splay, _black_, _0.0907279999999999
358, _random, _white_, _0.12355899999999989
358, _random_splay, _black_, _0.12477299999999987
359, _random, _white_, _0.08371999999999992
359, _random_splay, _black_, _0.1018069999999999
360, _random, _white_, _0.15563899999999983
360, _random_splay, _black_, _0.15156999999999982
361, _random, _white_, _0.15744399999999983
361, _random_splay, _black_, _0.17440399999999975
362, _random, _white_, _0.08088199999999993
362, _random_splay, _black_, _0.0957409999999999
363, _random, _white_, _0.08183999999999993
363, _random_splay, _black_, _0.07929699999999994
364, _random, _white_, _0.047392999999999984
364, _random_splay, _black_, _0.07284599999999995
365, _random, _white_, _0.09907099999999992
365, _random_splay, _black_, _0.08526499999999994
366, _random, _white_, _0.18429199999999976
366, _random_splay, _black_, _0.19350299999999973
367, _random, _white_, _0.16245799999999985
367, _random_splay, _black_, _0.17458499999999977
368, _random, _white_, _0.0976429999999999
368, _random_splay, _black_, _0.11818399999999987
369, _random, _white_, _0.10540699999999986
369, _random_splay, _black_, _0.12384899999999988
370, _random, _white_, _0.13713599999999984
370, _random_splay, _black_, _0.1566149999999998
371, _random, _white_, _0.07874699999999993
371, _random_splay, _black_, _0.0897989999999999
372, _random, _white_, _0.012973000000000002
372, _random_splay, _black_, _0.011968000000000003
373, _random, _white_, _0.06685699999999996
373, _random_splay, _black_, _0.07878999999999993
374, _random, _white_, _0.16954399999999978
374, _random_splay, _black_, _0.18242399999999975
375, _random, _white_, _0.1320059999999999
375, _random_splay, _black_, _0.13346199999999983
376, _random, _white_, _0.017914000000000003
376, _random_splay, _black_, _0.011120000000000001
377, _random, _white_, _0.018924
377, _random_splay, _black_, _0.02892200000000001
378, _random, _white_, _0.04985099999999999
378, _random_splay, _black_, _0.06415099999999997
379, _random, _white_, _0.1002879999999999
379, _random_splay, _black_, _0.11670899999999987
380, _random, _white_, _0.2661839999999997
380, _random_splay, _black_, _0.30111599999999994
381, _random, _white_, _0.20672599999999972
381, _random_splay, _black_, _0.23752499999999976
382, _random, _white_, _0.10120199999999993
382, _random_splay, _black_, _0.11982999999999992
383, _random, _white_, _0.19359899999999977
383, _random_splay, _black_, _0.21455799999999972
384, _random, _white_, _0.09888199999999993
384, _random_splay, _black_, _0.10454699999999992
385, _random, _white_, _0.1118069999999999
385, _random_splay, _black_, _0.1164749999999999
386, _random, _white_, _0.13850199999999985
386, _random_splay, _black_, _0.17667899999999984
387, _random, _white_, _0.16366899999999984
387, _random_splay, _black_, _0.18547799999999975
388, _random, _white_, _0.18056699999999976
388, _random_splay, _black_, _0.18731499999999973
389, _random, _white_, _0.033934000000000006
389, _random_splay, _black_, _0.054862999999999974
390, _random, _white_, _0.10073299999999992
390, _random_splay, _black_, _0.11559299999999989
391, _random, _white_, _0.052860000000000004
391, _random_splay, _black_, _0.054848
392, _random, _white_, _0.15763399999999989
392, _random_splay, _black_, _0.14747499999999986
393, _random, _white_, _0.005014
393, _random_splay, _black_, _0.0069759999999999996
394, _random, _white_, _0.10666499999999991
394, _random_splay, _black_, _0.10342699999999991
395, _random, _white_, _0.11222799999999987
395, _random_splay, _black_, _0.12567299999999984
396, _random, _white_, _0.06083999999999996
396, _random_splay, _black_, _0.08173399999999993
397, _random, _white_, _0.042858999999999994
397, _random_splay, _black_, _0.04393699999999998
398, _random, _white_, _0.14173799999999984
398, _random_splay, _black_, _0.1574899999999998
399, _random, _white_, _0.09969599999999994
399, _random_splay, _black_, _0.1057669999999999
400, _random, _white_, _0.09179599999999993
400, _random_splay, _black_, _0.09473199999999994
401, _random, _white_, _0.09977499999999993
401, _random_splay, _black_, _0.10869599999999993
402, _random, _white_, _0.08678299999999994
402, _random_splay, _black_, _0.08874699999999995
403, _random, _white_, _0.12768199999999988
403, _random_splay, _black_, _0.13065999999999986
404, _random, _white_, _0.17804699999999984
404, _random_splay, _black_, _0.17717099999999983
405, _random, _white_, _0.010037000000000003
405, _random_splay, _black_, _0.006968
406, _random, _white_, _0.011897999999999999
406, _random_splay, _black_, _0.017103999999999998
407, _random, _white_, _0.19521199999999975
407, _random_splay, _black_, _0.20180199999999976
408, _random, _white_, _0.07537899999999995
408, _random_splay, _black_, _0.0967229999999999
409, _random, _white_, _0.039892
409, _random_splay, _black_, _0.051835999999999965
410, _random, _white_, _0.051885999999999995
410, _random_splay, _black_, _0.047871999999999984
411, _random, _white_, _0.024968000000000004
411, _random_splay, _black_, _0.026925000000000008
412, _random, _white_, _0.18057399999999976
412, _random_splay, _black_, _0.19636599999999976
413, _random, _white_, _0.12965899999999983
413, _random_splay, _black_, _0.12855399999999986
414, _random, _white_, _0.07180799999999994
414, _random_splay, _black_, _0.0957159999999999
415, _random, _white_, _0.09268199999999994
415, _random_splay, _black_, _0.11981399999999988
416, _random, _white_, _0.008978
416, _random_splay, _black_, _0.009942999999999999
417, _random, _white_, _0.10275799999999988
417, _random_splay, _black_, _0.12463699999999989
418, _random, _white_, _0.13067399999999985
418, _random_splay, _black_, _0.14857299999999982
419, _random, _white_, _0.1444509999999998
419, _random_splay, _black_, _0.1497379999999998
420, _random, _white_, _0.12557199999999988
420, _random_splay, _black_, _0.11778299999999989
421, _random, _white_, _0.10770799999999991
421, _random_splay, _black_, _0.10776199999999987
422, _random, _white_, _0.011963
422, _random_splay, _black_, _0.01693
423, _random, _white_, _0.015955999999999998
423, _random_splay, _black_, _0.019949000000000005
424, _random, _white_, _0.2073739999999997
424, _random_splay, _black_, _0.22538499999999967
425, _random, _white_, _0.06982599999999994
425, _random_splay, _black_, _0.06881899999999995
426, _random, _white_, _0.2065789999999997
426, _random_splay, _black_, _0.22735299999999972
427, _random, _white_, _0.07341699999999995
427, _random_splay, _black_, _0.08134799999999995
428, _random, _white_, _0.07670499999999998
428, _random_splay, _black_, _0.10240799999999992
429, _random, _white_, _0.12318699999999987
429, _random_splay, _black_, _0.12127599999999987
430, _random, _white_, _0.20377999999999977
430, _random_splay, _black_, _0.22066499999999972
431, _random, _white_, _0.023935999999999995
431, _random_splay, _black_, _0.020119
432, _random, _white_, _0.06398699999999996
432, _random_splay, _black_, _0.06890299999999995
433, _random, _white_, _0.1778089999999999
433, _random_splay, _black_, _0.15908399999999986
434, _random, _white_, _0.03392000000000001
434, _random_splay, _black_, _0.02099
435, _random, _white_, _0.1434049999999998
435, _random_splay, _black_, _0.1602429999999998
436, _random, _white_, _0.0961159999999999
436, _random_splay, _black_, _0.13718499999999986
437, _random, _white_, _0.12471299999999991
437, _random_splay, _black_, _0.1312629999999999
438, _random, _white_, _0.007078
438, _random_splay, _black_, _0.007038000000000001
439, _random, _white_, _0.008990000000000001
439, _random_splay, _black_, _0.012955000000000003
440, _random, _white_, _0.07802599999999994
440, _random_splay, _black_, _0.07451299999999994
441, _random, _white_, _0.07899799999999994
441, _random_splay, _black_, _0.0997849999999999
442, _random, _white_, _0.11242999999999989
442, _random_splay, _black_, _0.13047999999999987
443, _random, _white_, _0.062467999999999954
443, _random_splay, _black_, _0.07581399999999994
444, _random, _white_, _0.09465399999999992
444, _random_splay, _black_, _0.09648899999999992
445, _random, _white_, _0.18061899999999975
445, _random_splay, _black_, _0.17757699999999982
446, _random, _white_, _0.11175099999999985
446, _random_splay, _black_, _0.10426199999999988
447, _random, _white_, _0.1300539999999999
447, _random_splay, _black_, _0.1304689999999999
448, _random, _white_, _0.0997449999999999
448, _random_splay, _black_, _0.10174999999999988
449, _random, _white_, _0.13622699999999985
449, _random_splay, _black_, _0.14647099999999988
450, _random, _white_, _0.13661299999999982
450, _random_splay, _black_, _0.15731199999999979
451, _random, _white_, _0.03690000000000001
451, _random_splay, _black_, _0.028950000000000007
452, _random, _white_, _0.08441599999999995
452, _random_splay, _black_, _0.07676299999999996
453, _random, _white_, _0.21649499999999974
453, _random_splay, _black_, _0.22603499999999968
454, _random, _white_, _0.08939299999999993
454, _random_splay, _black_, _0.08677699999999992
455, _random, _white_, _0.050855999999999964
455, _random_splay, _black_, _0.061817999999999956
456, _random, _white_, _0.13940699999999986
456, _random_splay, _black_, _0.15957899999999978
457, _random, _white_, _0.19150799999999976
457, _random_splay, _black_, _0.2061059999999997
458, _random, _white_, _0.08347599999999993
458, _random_splay, _black_, _0.10567999999999987
459, _random, _white_, _0.06878099999999993
459, _random_splay, _black_, _0.06884999999999995
460, _random, _white_, _0.10439299999999987
460, _random_splay, _black_, _0.08577799999999992
461, _random, _white_, _0.10111999999999989
461, _random_splay, _black_, _0.11366399999999989
462, _random, _white_, _0.014929000000000001
462, _random_splay, _black_, _0.015016
463, _random, _white_, _0.1277159999999999
463, _random_splay, _black_, _0.1272029999999999
464, _random, _white_, _0.05798699999999998
464, _random_splay, _black_, _0.06689099999999995
465, _random, _white_, _0.1695819999999998
465, _random_splay, _black_, _0.19946199999999975
466, _random, _white_, _0.038891999999999996
466, _random_splay, _black_, _0.05984199999999996
467, _random, _white_, _0.11067099999999987
467, _random_splay, _black_, _0.11469799999999987
468, _random, _white_, _0.07978499999999994
468, _random_splay, _black_, _0.0983279999999999
469, _random, _white_, _0.17964099999999977
469, _random_splay, _black_, _0.2239169999999997
470, _random, _white_, _0.17979899999999974
470, _random_splay, _black_, _0.1681059999999998
471, _random, _white_, _0.030004000000000003
471, _random_splay, _black_, _0.026150999999999997
472, _random, _white_, _0.13105499999999987
472, _random_splay, _black_, _0.11979999999999988
473, _random, _white_, _0.11154999999999993
473, _random_splay, _black_, _0.1015139999999999
474, _random, _white_, _0.07712899999999995
474, _random_splay, _black_, _0.09671599999999994
475, _random, _white_, _0.04188899999999999
475, _random_splay, _black_, _0.033906000000000006
476, _random, _white_, _0.19545699999999977
476, _random_splay, _black_, _0.21448999999999974
477, _random, _white_, _0.07779399999999993
477, _random_splay, _black_, _0.07679699999999993
478, _random, _white_, _0.13349599999999986
478, _random_splay, _black_, _0.14238599999999982
479, _random, _white_, _0.1666649999999998
479, _random_splay, _black_, _0.1695119999999998
480, _random, _white_, _0.22576899999999975
480, _random_splay, _black_, _0.20195299999999974
481, _random, _white_, _0.0958009999999999
481, _random_splay, _black_, _0.11793399999999989
482, _random, _white_, _0.05493199999999996
482, _random_splay, _black_, _0.06633199999999996
483, _random, _white_, _0.1022359999999999
483, _random_splay, _black_, _0.1001799999999999
484, _random, _white_, _0.22436399999999967
484, _random_splay, _black_, _0.22838099999999967
485, _random, _white_, _0.1655219999999998
485, _random_splay, _black_, _0.16761699999999982
486, _random, _white_, _0.11168299999999988
486, _random_splay, _black_, _0.12867399999999987
487, _random, _white_, _0.036899
487, _random_splay, _black_, _0.037897999999999994
488, _random, _white_, _0.18445299999999978
488, _random_splay, _black_, _0.16167299999999982
489, _random, _white_, _0.2332819999999997
489, _random_splay, _black_, _0.2587479999999997
490, _random, _white_, _0.1007239999999999
490, _random_splay, _black_, _0.1028489999999999
491, _random, _white_, _0.04614800000000001
491, _random_splay, _black_, _0.042904999999999985
492, _random, _white_, _0.07871999999999996
492, _random_splay, _black_, _0.0912989999999999
493, _random, _white_, _0.10573599999999989
493, _random_splay, _black_, _0.11870399999999988
494, _random, _white_, _0.08872099999999992
494, _random_splay, _black_, _0.0927949999999999
495, _random, _white_, _0.13756099999999985
495, _random_splay, _black_, _0.13271599999999983
496, _random, _white_, _0.16354799999999978
496, _random_splay, _black_, _0.1606119999999998
497, _random, _white_, _0.2314259999999997
497, _random_splay, _black_, _0.22833699999999968
498, _random, _white_, _0.0887679999999999
498, _random_splay, _black_, _0.08570899999999992
499, _random, _white_, _0.13338699999999987
499, _random_splay, _black_, _0.12528099999999986
